<annotation>
	<folder>pile</folder>
	<filename>2.jpg</filename>
	<path>/home/kkr/cloth/pile/2.jpg</path>
	<source>
		<database>Unknown</database>
	</source>
	<size>
		<width>1500</width>
		<height>1014</height>
		<depth>3</depth>
	</size>
	<segmented>0</segmented>
	<object>
		<name>shirt</name>
		<pose>Unspecified</pose>
		<truncated>0</truncated>
		<difficult>0</difficult>
		<bndbox>
			<xmin>423</xmin>
			<ymin>188</ymin>
			<xmax>953</xmax>
			<ymax>462</ymax>
		</bndbox>
	</object>
	<object>
		<name>hoodie</name>
		<pose>Unspecified</pose>
		<truncated>0</truncated>
		<difficult>0</difficult>
		<bndbox>
			<xmin>82</xmin>
			<ymin>469</ymin>
			<xmax>534</xmax>
			<ymax>736</ymax>
		</bndbox>
	</object>
	<object>
		<name>shirt</name>
		<pose>Unspecified</pose>
		<truncated>0</truncated>
		<difficult>0</difficult>
		<bndbox>
			<xmin>249</xmin>
			<ymin>540</ymin>
			<xmax>658</xmax>
			<ymax>809</ymax>
		</bndbox>
	</object>
	<object>
		<name>hoodie</name>
		<pose>Unspecified</pose>
		<truncated>0</truncated>
		<difficult>0</difficult>
		<bndbox>
			<xmin>730</xmin>
			<ymin>360</ymin>
			<xmax>1265</xmax>
			<ymax>566</ymax>
		</bndbox>
	</object>
	<object>
		<name>tshirt</name>
		<pose>Unspecified</pose>
		<truncated>0</truncated>
		<difficult>0</difficult>
		<bndbox>
			<xmin>730</xmin>
			<ymin>659</ymin>
			<xmax>1373</xmax>
			<ymax>857</ymax>
		</bndbox>
	</object>
	<object>
		<name>tshirt</name>
		<pose>Unspecified</pose>
		<truncated>0</truncated>
		<difficult>0</difficult>
		<bndbox>
			<xmin>790</xmin>
			<ymin>541</ymin>
			<xmax>1190</xmax>
			<ymax>741</ymax>
		</bndbox>
	</object>
	<object>
		<name>shirt</name>
		<pose>Unspecified</pose>
		<truncated>0</truncated>
		<difficult>0</difficult>
		<bndbox>
			<xmin>634</xmin>
			<ymin>555</ymin>
			<xmax>797</xmax>
			<ymax>710</ymax>
		</bndbox>
	</object>
</annotation>
